City,Country,Cloudiness,Date,Humidity,Latitude,Longitude,Max Temp,Wind Speed
Cape Town,ZA,0,1619798116,52,-33.9258,18.4232,64.4,19.57
Hithadhoo,MV,37,1619798682,73,-0.6,73.0833,84.09,7.65
Freeport,US,20,1619798408,42,40.6576,-73.5832,66.99,23.02
Qaanaaq,GL,53,1619798104,64,77.484,-69.3632,32.34,7.07
Talnakh,RU,25,1619798224,84,69.4865,88.3972,19.4,3.38
Mataura,NZ,58,1619798089,93,-46.1927,168.8643,42.01,4
Kyra,RU,16,1619798206,61,49.5776,111.9753,30.87,6.42
Mamburao,PH,36,1619798691,78,13.25,120.6667,77.81,4.03
Mount Gambier,AU,99,1619798333,51,-37.8333,140.7667,59,9.22
San Ramon,US,1,1619798615,67,37.7799,-121.978,61,3.44
Port Alfred,ZA,52,1619798695,74,-33.5906,26.891,63,15.75
Puerto Ayora,EC,40,1619798696,69,-0.7393,-90.3518,82.4,11.5
Mareeba,AU,40,1619798698,73,-17,145.4333,73.4,10.36
Shetpe,KZ,99,1619798700,28,44.1667,52.1167,67.95,10.11
Mar del Plata,AR,0,1619798125,68,-38.0023,-57.5575,68,18.41
Rikitea,PF,49,1619798706,74,-23.1203,-134.9692,78.8,19.1
Bredasdorp,ZA,43,1619798707,42,-34.5322,20.0403,64.4,9.22
Cacequi,BR,0,1619798709,37,-29.8836,-54.825,77.11,8.25
Touros,BR,75,1619798230,78,-5.1989,-35.4608,80.6,12.66
Barrow,US,90,1619798701,86,71.2906,-156.7887,19.4,5.75
Papara,BR,75,1619798713,66,-3.9839,-38.7273,87.8,13.8
Katsuura,JP,20,1619798188,88,35.1333,140.3,60.8,9.22
Longyearbyen,SJ,75,1619798166,68,78.2186,15.6401,21.2,8.05
Vicuña,CL,0,1619798717,63,-30.0319,-70.7081,64.4,10.36
Saint-Philippe,RE,0,1619798719,83,-21.3585,55.7679,77,4.61
Punta Arenas,CL,90,1619798721,100,-53.15,-70.9167,41,9.22
Kapaa,US,75,1619798722,83,22.0752,-159.319,71.6,14.97
Busselton,AU,88,1619798724,96,-33.65,115.3333,50,3.67
Qarchak,IR,40,1619798726,15,35.4394,51.5689,82.4,4.61
Kiama,AU,8,1619798727,89,-34.6833,150.8667,59,4.38
Mossamedes,AO,20,1619798222,73,-15.1961,12.1522,78.8,17.27
Belyy Yar,RU,0,1619798730,71,53.6039,91.3903,46.4,2.24
Bambous Virieux,MU,75,1619798192,78,-20.3428,57.7575,78.8,13.8
Bluff,NZ,52,1619798734,93,-46.6,168.3333,42.01,4
Padang,ID,20,1619798735,94,-0.9492,100.3543,77,2.3
Monrovia,LR,75,1619798737,66,6.3005,-10.7969,89.6,11.5
Thompson,CA,40,1619798738,48,55.7435,-97.8558,35.6,4.61
Phuket,TH,20,1619798740,94,8,98.25,87.01,3.44
Bara,NG,95,1619798741,8,10.3744,10.7288,104,10.31
Lorengau,PG,95,1619798743,78,-2.0226,147.2712,80.38,2.44
Albany,US,100,1619798744,70,42.6001,-73.9662,55,5.01
Qasigiannguit,GL,20,1619798746,48,68.8193,-51.1922,39.2,3.44
Tuktoyaktuk,CA,20,1619798748,79,69.4541,-133.0374,12.2,9.22
Araouane,ML,81,1619798199,21,18.9048,-3.5265,96.1,9.82
Arraial do Cabo,BR,20,1619798750,69,-22.9661,-42.0278,77,10.36
Carnarvon,AU,83,1619798602,78,-24.8667,113.6333,69.8,13.8
Silver City,US,1,1619798753,44,32.7701,-108.2803,61,4.61
Ilulissat,GL,20,1619798223,48,69.2167,-51.1,39.2,3.44
Clyde River,CA,90,1619798756,100,70.4692,-68.5914,21.2,3.44
Pevek,RU,100,1619798758,97,69.7008,170.3133,10.51,9.33
La Romana,DO,75,1619798760,70,18.4273,-68.9728,86,13.8
Harper,LR,99,1619798761,70,4.375,-7.7169,84.04,6.08
Neryungri,RU,100,1619798763,98,56.6709,124.6491,24.39,2.73
Hong Kong,HK,83,1619798468,82,22.2855,114.1577,78.01,1.01
Bethel,US,75,1619798766,42,41.3712,-73.414,62.6,17.27
Khani,GE,75,1619798348,82,41.9563,42.9566,59,14.97
Koslan,RU,99,1619798768,85,63.4564,48.8989,36.28,6.55
Tasiilaq,GL,20,1619798770,60,65.6145,-37.6368,33.8,12.66
Palmer,US,75,1619798191,62,42.1584,-72.3287,57.99,19.57
Vaini,TO,75,1619798745,94,-21.2,-175.2,75.2,8.05
Ol'ga,RU,38,1619798377,92,43.7444,135.2892,36.21,4.14
Port Hueneme,US,1,1619798776,67,34.1478,-119.1951,70,8.05
New Norfolk,AU,3,1619798777,85,-42.7826,147.0587,51.01,3.06
Manaus,BR,40,1619798779,62,-3.1019,-60.025,86,4.61
Atuona,PF,21,1619798615,71,-9.8,-139.0333,78.69,5.35
Nadvoitsy,RU,99,1619798785,74,63.8667,34.3167,36.45,8.63
Livingston,GB,0,1619798633,53,55.9029,-3.5226,48.2,10.36
eMkhomazi,ZA,100,1619798787,89,-30.2067,30.7978,64.99,19.33
Caleta de Carquín,PE,3,1619798789,75,-11.0925,-77.6267,70.99,9.53
Cherskiy,RU,98,1619798791,100,68.75,161.3,-2.36,2.17
Lavras,BR,68,1619798120,48,-21.2453,-44.9997,72.41,8.68
Arman',RU,100,1619798794,90,59.7,150.1667,30.07,1.72
Tautira,PF,75,1619798796,83,-17.7333,-149.15,77,2.3
Hilo,US,90,1619798660,83,19.7297,-155.09,71.6,5.75
Torbay,CA,75,1619798730,57,47.6666,-52.7314,50,12.66
Ushuaia,AR,40,1619798574,87,-54.8,-68.3,41,2.01
Vila Velha,BR,75,1619798801,54,-20.3297,-40.2925,80.6,18.41
La Ronge,CA,100,1619798803,75,55.1001,-105.2842,35.6,9.22
Dikson,RU,89,1619798756,95,73.5069,80.5464,8.8,8.81
La Rioja,ES,75,1619798378,71,42.25,-2.5,53.6,8.05
Faanui,PF,96,1619798807,80,-16.4833,-151.75,78.71,6.78
Grindavik,IS,0,1619798809,70,63.8424,-22.4338,41,21.85
Hasaki,JP,20,1619798530,87,35.7333,140.8333,53.6,4.61
Coronado,US,20,1619798557,33,32.6859,-117.1831,80.6,3.44
Jahāngīrpur,IN,59,1619798813,30,28.1833,77.7167,95,15.3
Jamestown,US,75,1619798815,70,42.097,-79.2353,45,17.27
Stann Creek Town,BZ,75,1619798816,70,16.9692,-88.2321,86,8.05
Pallisa,UG,95,1619798818,73,1.145,33.7094,73.98,5.28
Menzelinsk,RU,0,1619798657,30,55.7271,53.1026,53.6,4.47
Esperance,AU,65,1619798759,93,-33.8667,121.9,48.2,4.61
Mossendjo,CG,94,1619798822,95,-2.9506,12.7261,75,1.59
Mahrīz,IR,40,1619798824,15,31.5917,54.4318,84.2,11.72
Broken Hill,AU,22,1619798825,47,-31.95,141.4333,59,6.91
Tobermory,CA,14,1619798827,75,45.2501,-81.6665,39.2,26.46
Nikolskoye,RU,0,1619798828,37,59.7035,30.7861,48.2,17.9
Dragør,DK,90,1619798830,61,55.5946,12.6664,50,11.5
Toumodi,CI,75,1619798832,49,6.5613,-5.0158,95,4.61
Pisco,PE,8,1619798833,83,-13.7,-76.2167,71.01,11.5
Mahébourg,MU,75,1619798835,78,-20.4081,57.7,78.8,13.8
Cururupu,BR,100,1619798836,94,-1.8283,-44.8683,75.81,1.32
Salta,AR,20,1619798838,59,-24.7859,-65.4117,64.99,4.61
Vardø,NO,20,1619798295,68,70.3705,31.1107,26.6,20.71
Snåase,NO,75,1619798841,65,64.2457,12.3778,41,6.91
Marzuq,YE,87,1619798842,59,14.4,46.4667,76.77,5.64
Sinnamary,GF,100,1619798844,93,5.3833,-52.95,75.63,6.44
Maragogi,BR,100,1619798845,69,-9.0122,-35.2225,82.72,11.68
Kudahuvadhoo,MV,11,1619798847,68,2.6708,72.8944,83.89,1.34
Aksarka,RU,100,1619798849,92,66.5606,67.7975,23.4,8.1
Wajima,JP,4,1619798851,83,37.4,136.9,54.45,21.36
Hobart,AU,2,1619798852,82,-42.8794,147.3294,51.8,5.75
Palauig,PH,47,1619798854,78,15.435,119.9045,80.26,5.21
São João da Barra,BR,75,1619798649,65,-21.6403,-41.0511,77,13.8
Maningrida,AU,94,1619798857,77,-12.0667,134.2667,73.24,8.77
Aklavik,CA,100,1619798858,86,68.2191,-135.0107,19.4,5.75
Kamaishi,JP,73,1619798824,79,39.2667,141.8833,47.93,7.83
Mount Vernon,US,75,1619798861,32,40.9126,-73.8371,66.2,23.02
Goianésia,BR,97,1619798863,49,-15.3175,-49.1175,84.09,8.68
Asău,RO,18,1619798864,31,46.4333,26.4,68,12.03
Kumul,CN,0,1619798866,12,42.8,93.45,76.57,3.31
Port Hardy,CA,75,1619798383,100,50.6996,-127.4199,48.2,4.61
Karawang,ID,20,1619798869,83,-6.3042,107.3079,82.4,4.61
Khatanga,RU,100,1619798871,95,71.9667,102.5,31.19,8.75
Maitum,PH,68,1619798872,86,6.0392,124.4986,78.84,3.89
Castro,BR,28,1619798874,52,-24.7911,-50.0119,67.23,10.98
Gigmoto,PH,31,1619798876,76,13.7796,124.39,76.64,2.64
Moerai,PF,98,1619798322,85,-22.4333,-151.3333,77.41,15.84
Nemuro,JP,42,1619798879,79,43.3236,145.575,38.21,21.9
Ambulu,ID,62,1619798880,89,-8.345,113.6058,75.25,3.78
Kendallville,US,90,1619798822,76,41.4414,-85.265,55.4,17.27
Yen Bai,VN,62,1619798883,88,21.7,104.8667,73.51,1.83
La Fria,VE,40,1619798885,58,8.2203,-72.2439,84.2,2.3
Kavieng,PG,80,1619798886,76,-2.5744,150.7967,81.55,4.99
Tiksi,RU,93,1619798888,85,71.6872,128.8694,28.42,4.5
Salair,RU,98,1619798890,79,54.2312,85.7972,38.37,4.83
Tacuarembó,UY,0,1619798891,46,-31.7333,-55.9833,72.9,8.28
Saint-Raymond,CA,100,1619798893,93,45.467,-73.6095,51.01,11.5
Alyangula,AU,5,1619798895,100,-13.8483,136.4192,71.6,11.01
Pangnirtung,CA,90,1619798896,93,66.1451,-65.7125,32,8.05
Moroni,KM,12,1619798880,81,-11.7022,43.2551,81.07,5.61
Margate,GB,5,1619798899,48,51.3813,1.3862,53.01,5.08
Jinchang,CN,0,1619798901,16,38.4953,102.1739,66.31,8.66
Saskylakh,RU,100,1619798902,87,71.9167,114.0833,32.56,9.33
Strezhevoy,RU,75,1619798904,81,60.7333,77.5889,39.2,6.71
Safi,MA,96,1619798905,57,32.2994,-9.2372,63.9,12.71
Salinópolis,BR,99,1619798907,84,-0.6136,-47.3561,79.65,9.78
Ahipara,NZ,100,1619798908,84,-35.1667,173.1667,59.16,8.23
East London,ZA,20,1619798910,82,-33.0153,27.9116,62.6,8.05
Saint Paul Harbor,US,1,1619798911,65,57.79,-152.4072,39.2,8.05
Korla,CN,0,1619798913,15,41.7597,86.1469,76.51,4.03
Cantanhede,BR,67,1619798915,83,-3.6333,-44.3767,82.29,2.21
Severo-Kuril'sk,RU,100,1619798916,92,50.6789,156.125,35.13,18.03
Soma,TR,0,1619798918,54,39.1855,27.6094,80.6,3.44
Saldanha,ZA,0,1619798919,45,-33.0117,17.9442,66.2,17.27
Port Macquarie,AU,29,1619798921,99,-31.4333,152.9167,60.01,4.16
Victor Harbor,AU,100,1619798922,44,-35.5667,138.6167,71.01,9.08
Kavaratti,IN,19,1619798924,73,10.5669,72.642,85.21,10.58
Angoche,MZ,6,1619798925,78,-16.2325,39.9086,79.38,5.1
Seoul,KR,0,1619798789,87,37.5683,126.9778,51.8,5.75
Kruisfontein,ZA,0,1619798928,64,-34.0033,24.7314,61,1.99
Butaritari,KI,80,1619798930,75,3.0707,172.7902,82.56,10.65
High Rock,BS,75,1619798931,65,26.6208,-78.2833,82.4,10.36
Suruç,TR,40,1619798933,55,36.9761,38.425,66.2,13.8
Saint-Joseph,RE,0,1619798934,83,-21.3667,55.6167,77,4.61
Tazovsky,RU,100,1619798936,95,67.4667,78.7,31.89,10.42
Teya,RU,99,1619798938,99,60.3778,92.6267,36.59,8.86
Husavik,IS,75,1619798939,87,66.0449,-17.3389,35.6,12.66
Alice Springs,AU,0,1619798941,50,-23.7,133.8833,51.8,4.61
Port Elizabeth,ZA,0,1619798943,59,-33.918,25.5701,64.4,19.57
La Victoria,VE,40,1619798944,70,10.2184,-67.3302,84.2,2.3
Mirny,RU,100,1619798946,96,62.5353,113.9611,30.34,3.4
Los Llanos de Aridane,ES,40,1619798947,60,28.6585,-17.9182,69.8,21.85
Tuy Hoa,VN,71,1619798949,89,13.0833,109.3,77.31,0.63
Avarua,CK,75,1619798951,100,-21.2078,-159.775,77,1.14
Guerrero Negro,MX,0,1619798953,44,27.9769,-114.0611,73.87,8.32
Mlandizi,TZ,75,1619798954,94,-6.7,38.7333,78.8,6.91
Hermanus,ZA,3,1619798956,64,-34.4187,19.2345,60.01,1.01
Mocuba,MZ,42,1619798958,91,-16.8392,36.9856,74.39,4.36
Campbell River,CA,90,1619798959,100,50.0163,-125.2446,51.01,1.57
Bukachacha,RU,59,1619798961,80,52.9833,116.9167,32.79,3.89
Kleive,NO,75,1619798963,52,62.7954,7.6359,42.8,3.44
Gamba,GA,100,1619798964,75,-2.65,10,81.48,4.94
Jardim,BR,1,1619798966,26,-21.4803,-56.1381,85.86,6.35
Faranah,GN,98,1619798967,31,10.0404,-10.7434,94.37,3.11
Menongue,AO,85,1619798969,72,-14.6585,17.691,68.83,5.19
Norman Wells,CA,40,1619798970,59,65.282,-126.8329,32,5.75
Coquimbo,CL,0,1619798972,63,-29.9533,-71.3436,64.4,10.36
Beringovskiy,RU,81,1619798374,87,63.05,179.3167,19.11,5.95
Kushima,JP,19,1619798975,72,31.4583,131.2333,60.01,4
Palora,EC,90,1619798976,88,-1.7,-77.9333,69.8,5.75
Buala,SB,93,1619798978,81,-8.145,159.5921,79.14,3.62
Price,US,1,1619798980,29,39.5994,-110.8107,64.4,3.44
Mugur-Aksy,RU,90,1619798981,64,50.35,90.5,43.18,7.52
Morros,BR,96,1619798983,45,-9.4467,-46.3003,87.39,8.55
Kailua,US,40,1619798984,68,21.4022,-157.7394,73.4,10.36
Acaraú,BR,98,1619798986,64,-2.8856,-40.12,85.46,8.05
Ust-Maya,RU,100,1619798987,98,60.4167,134.5333,30.42,2.33
Hattiesburg,US,90,1619798989,73,31.3271,-89.2903,75.2,6.91
Pacific Grove,US,1,1619798991,72,36.6177,-121.9166,57.2,7.99
Barra do Bugres,BR,100,1619798992,33,-15.0725,-57.1811,85.08,1.1
Waipawa,NZ,90,1619798994,76,-41.4122,175.5153,54,19.57
Cabo San Lucas,MX,1,1619798995,31,22.8909,-109.9124,82,5.75
Grand Gaube,MU,9,1619798997,82,-20.0064,57.6608,78.01,5.99
Cedar City,US,1,1619798998,27,37.6775,-113.0619,66.99,1.7
Yellowknife,CA,90,1619799000,93,62.456,-114.3525,28,17.27
Ponta do Sol,PT,20,1619799002,48,32.6667,-17.1,66.99,11.5
Upernavik,GL,92,1619799006,76,72.7868,-56.1549,34.03,6.06
Umeå,SE,40,1619798771,75,63.8284,20.2597,39.2,6.91
Omboué,GA,100,1619799009,74,-1.5746,9.2618,83.19,6.85
Shenjiamen,CN,7,1619799011,85,29.9576,122.298,62.06,15.84
Abu Dhabi,AE,0,1619798805,51,24.4667,54.3667,84.2,4.61
San Patricio,US,90,1619799014,100,28.017,-97.5169,73.99,11.5
Villeta,CO,90,1619799015,77,5.0089,-74.4723,57.2,3.44
Yar-Sale,RU,89,1619799017,96,66.8333,70.8333,28.08,10.74
Olafsvik,IS,53,1619799018,65,64.8945,-23.7142,38.28,22.39
Peniche,PT,26,1619799020,51,39.3558,-9.3811,63,11.01
Forsytheganj,BY,100,1619799021,92,52.6333,29.7333,54.23,3.69
Kendal,GB,100,1619799023,65,54.3268,-2.7476,52,3
Novovelichkovskaya,RU,0,1619799025,56,45.2778,38.8436,71.6,11.18
Port Moresby,PG,81,1619799026,86,-9.4431,147.1797,74.52,5.08
George Town,MY,40,1619798849,94,5.4112,100.3354,77,6.91
Saint-Pierre,RE,0,1619799029,83,-21.3393,55.4781,77,4.61
Natal,BR,75,1619799031,83,-5.795,-35.2094,82.4,13.8
Belaya Gora,RU,100,1619799032,90,68.5333,146.4167,25.3,8.99
Christchurch,NZ,75,1619798954,87,-43.5333,172.6333,51.01,4.61
Pangai,TO,100,1619799035,77,-19.8,-174.35,80.29,6.06
Provideniya,RU,98,1619799037,74,64.3833,-173.3,26.22,2.62
Mogadishu,SO,43,1619799039,72,2.0371,45.3438,83.12,10.31
Meulaboh,ID,89,1619798836,85,4.1363,96.1285,78.94,3.87
Hīt,IQ,4,1619799042,15,33.6416,42.8251,92.14,11.21
Taksimo,RU,6,1619799044,74,56.3444,114.8794,32.2,1.14
Okhotsk,RU,95,1619798758,80,59.3833,143.3,32.16,5.53
Mehamn,NO,75,1619799047,93,71.0357,27.8492,30.2,36.82
Ouango,CF,77,1619799048,61,4.3133,22.5552,81.93,2.82
Cidreira,BR,0,1619798750,62,-30.1811,-50.2056,71.76,12.75
Nazareno,MX,75,1619799051,43,25.3833,-103.4167,73.4,6.69
Øksfjord,NO,75,1619799053,100,70.2396,22.3479,30.2,20.71
Pahrump,US,5,1619799054,14,36.2083,-115.9839,79,3.22
Constitución,CL,100,1619798950,79,-35.3333,-72.4167,58.75,10.69
Coyhaique,CL,75,1619799058,62,-45.5752,-72.0662,57.2,5.75
Ulladulla,AU,4,1619799059,100,-35.35,150.4667,54,3.44
Sitka,US,90,1619799061,81,57.0531,-135.33,44.6,6.91
Saint-Augustin,CA,97,1619799063,76,51.226,-58.6502,43.29,7.11
Ostrołęka,PL,97,1619799064,61,53.0862,21.5757,52,8.01
Nanortalik,GL,6,1619799066,65,60.1432,-45.2371,41.83,5.99
Wencheng,CN,0,1619799068,28,33.0559,113.7978,63.59,14.45
Athens,GR,0,1619798861,44,37.9795,23.7162,80.01,3.44
Chui,UY,0,1619799071,47,-33.6971,-53.4616,70.34,7.87
Kaitangata,NZ,39,1619799073,73,-46.2817,169.8464,45,4
Ulaanbaatar,MN,40,1619799074,74,47.9077,106.8832,30.2,2.24
Lebu,CL,100,1619799010,80,-37.6167,-73.65,58.55,17.02
Honningsvåg,NO,75,1619799077,74,70.9821,25.9704,32,33.38
Kahului,US,90,1619799079,100,20.8947,-156.47,71.6,16.11
Sal Rei,CV,75,1619799080,65,16.1833,-22.9167,77,16.11
Scottsbluff,US,1,1619799082,37,41.8666,-103.6672,69.01,8.05
Yulara,AU,76,1619799083,37,-25.2406,130.9889,53.6,3.44
Prachuap Khiri Khan,TH,83,1619799063,70,12.2167,99.75,84.99,2.57
Lavrentiya,RU,28,1619799086,92,65.5833,-171,11.25,5.39
Ugoofaaru,MV,65,1619799088,72,5.6667,73,84.15,5.17
Shimoda,JP,0,1619799089,61,34.6667,138.95,59,3
Nazarovo,RU,14,1619799091,78,56.0064,90.3914,42.08,7.43
San Quintín,MX,0,1619799092,38,30.4833,-115.95,75.61,5.91
Purranque,CL,90,1619799094,92,-40.9167,-73.1667,55.4,11.5
Linjiang,CN,96,1619799044,91,41.8069,126.9078,41.72,0.56
Meyrin,CH,75,1619799097,87,46.2342,6.0803,50,3.44
Dzilam González,MX,74,1619799098,53,21.2833,-88.9333,84.83,8.08
Kotido,UG,17,1619799100,39,2.9806,34.1331,79.25,7.7
Ribeira Grande,PT,40,1619799102,63,38.5167,-28.7,62.6,8.05
San Vicente,AR,1,1619799103,29,-26.6167,-54.1333,75.74,4.56
Tuatapere,NZ,49,1619799105,93,-46.1333,167.6833,42.01,4
Kemijärvi,FI,100,1619799106,67,66.7131,27.4306,28.54,7.94
Garden City,US,75,1619799108,54,42.3256,-83.331,53.6,20.71
Cockburn Town,TC,40,1619799109,61,21.4612,-71.1419,80.6,11.5
Te Anau,NZ,24,1619799111,93,-45.4167,167.7167,39.94,1.32
Pandhāna,IN,53,1619799113,23,21.7,76.2167,93.2,18.75
Malanje,AO,98,1619799114,81,-9.5402,16.341,72.82,1.52
Ancud,CL,90,1619799116,100,-41.8697,-73.8203,55.99,12.66
Kīhei,US,90,1619798848,100,20.785,-156.4656,71.6,16.11
Cambridge,CA,90,1619799119,70,43.3601,-80.3127,43,27.63
Half Moon Bay,US,100,1619798910,93,37.4636,-122.4286,60.01,8.05
Popondetta,PG,25,1619799122,96,-8.7537,148.2534,71.37,2.91
Iroquois Falls,CA,75,1619799123,74,48.7669,-80.6831,30.2,20.71
Ţahţā,EG,0,1619799125,4,26.7693,31.5021,104,8.05
Dingle,PH,33,1619799127,69,10.9995,122.6711,76.66,5.1
Deputatsky,RU,100,1619799128,96,69.3,139.9,18.18,1.57
San Policarpo,PH,22,1619799130,76,12.1791,125.5072,79.56,4.14
Baruun-Urt,MN,29,1619799132,53,46.6806,113.2792,34.38,12.62
Mahibadhoo,MV,8,1619799133,63,3.7833,72.9667,84.02,3.06
Salalah,OM,75,1619799135,84,17.0151,54.0924,84.2,9.22
Cody,US,1,1619799137,22,44.5263,-109.0565,68,4.61
Ürümqi,CN,0,1619799016,15,43.801,87.6005,77,8.95
Kysyl-Syr,RU,100,1619799140,94,63.8986,122.7617,28.9,3.78
Emba,KZ,4,1619798955,36,48.8264,58.1442,54.86,6.46
Grand-Santi,GF,58,1619799143,78,4.25,-54.3833,82.63,3.27
Stowe,US,75,1619799144,55,40.2526,-75.6774,64,12.66
Flin Flon,CA,90,1619799071,41,54.7682,-101.865,39.2,2.3
Richards Bay,ZA,100,1619799147,88,-28.783,32.0377,66.27,16.98
Oodweyne,SO,76,1619799149,53,9.4092,45.064,79.47,7.25
Methóni,GR,0,1619799151,31,36.8197,21.7049,79,5.75
Luang Prabang,LA,71,1619799152,95,19.8856,102.1347,73,1.77
Juegang,CN,98,1619799154,69,32.3174,121.1855,64.99,7.49
Hofn,IS,90,1619799156,70,64.2539,-15.2082,39.2,20.71
Tornio,FI,0,1619799157,41,65.8481,24.1466,35.6,16.11
Abu Kamal,SY,37,1619799159,14,34.4506,40.9171,90.75,10.11
‘Āhuimanu,US,40,1619799161,68,21.4447,-157.8378,73.4,10.36
Elizabethtown,US,1,1619799005,42,37.694,-85.8591,68,9.22
Takoradze,GH,76,1619799164,62,4.8845,-1.7554,86.04,10.67
Tabas,IR,96,1619799165,25,33.5959,56.9244,82.62,2.1
Havelock,US,1,1619799167,41,34.8791,-76.9013,79,19.57
Umm Hājar,TD,0,1619799168,6,13.2954,19.6966,104.29,5.75
Ambon City,ID,67,1619799170,75,-3.6954,128.1814,81.54,3.62
Havre-St-Pierre,CA,40,1619799171,81,50.2334,-63.5986,48.2,11.5
São Filipe,CV,88,1619799173,75,14.8961,-24.4956,73.47,16.82
Rio de Janeiro,BR,20,1619799058,73,-22.9028,-43.2075,82.4,4.61
Dunedin,NZ,39,1619799176,70,-45.8742,170.5036,48.99,10
Chaska,US,1,1619799018,43,44.7894,-93.6022,52,5.44
Broome,US,90,1619799179,62,42.2506,-75.833,51.8,23.02
Miandrivazo,MG,4,1619799181,60,-19.5167,45.4667,82.33,1.43
West Plains,US,1,1619799158,26,36.7281,-91.8524,72,4.16
St. George's,GD,75,1619799184,70,12.0564,-61.7485,84.2,18.41
Waingapu,ID,7,1619799191,87,-9.6567,120.2641,78.31,6.69
Kaduna,NG,82,1619799192,11,10.5222,7.4383,101.75,2.06
Fairbanks,US,90,1619799009,86,64.8378,-147.7164,30.2,11.5
Rio Pardo de Minas,BR,95,1619799195,58,-15.6097,-42.5397,75.69,10.94
Corumbá,BR,0,1619799197,47,-19.0092,-57.6533,82.4,6.91
Geraldton,AU,75,1619799199,67,-28.7667,114.6,57.2,11.5
Macapá,BR,75,1619799200,66,0.0389,-51.0664,87.8,4.61
Shiraoi,JP,75,1619799202,81,42.55,141.35,46.99,25.32
Lima,PE,40,1619799203,78,-12.0432,-77.0282,73,9.22
Caravelas,BR,87,1619799205,67,-17.7125,-39.2481,79.18,11.68
Antofagasta,CL,0,1619799207,68,-23.65,-70.4,70,10.36
Muisne,EC,90,1619799208,94,0.6,-80.0333,78.8,2.3
Lusambo,CD,100,1619799210,96,-4.9667,23.45,72.48,0.76
Kutum,SD,8,1619799211,10,14.2,24.6667,91.18,10.63
Buta,CD,72,1619799213,62,2.7858,24.73,82.18,3.47
Kampong Cham,KH,79,1619799192,66,11.9934,105.4635,83.61,4.9
Sorgun,TR,100,1619799216,62,39.8101,35.186,60.48,0.47
Arlit,NE,0,1619799217,3,18.7369,7.3853,108.05,16.17
Aswān,EG,0,1619799219,6,24.0934,32.907,101.01,11.97
Saint-Leu,RE,0,1619799220,83,-21.15,55.2833,77,4.61
Laguna,US,1,1619799222,55,38.421,-121.4238,66,4.61
Nichinan,JP,9,1619798952,72,31.6,131.3667,60.01,4
Köping,SE,40,1619799225,30,59.514,15.9926,52,9.22
Valley City,US,75,1619799226,36,46.9233,-98.0032,44.6,14.97
Awjilah,LY,0,1619799228,7,29.1081,21.2869,102.4,9.48
Mayo,US,75,1619799230,42,38.8876,-76.5119,69.01,14.97
Revda,RU,0,1619799231,60,56.801,59.9303,39.2,8.95
Shelburne,CA,83,1619799233,95,44.0787,-80.2041,42.01,24.58
Aasiaat,GL,82,1619799234,81,68.7098,-52.8699,33.15,7.27
Klichka,RU,41,1619799236,84,50.4457,117.996,33.64,5.82
Kaeo,NZ,96,1619799238,95,-35.1,173.7833,55,5.01
Kiryat Gat,IL,1,1619799239,46,31.61,34.7642,80.01,10.69
Saint George,US,1,1619799241,20,37.1041,-113.5841,75,1.95
Lieksa,FI,93,1619799243,74,63.3167,30.0167,35.55,6.8
Yenagoa,NG,99,1619799244,65,4.9247,6.2642,86.22,7.81
Spornoye,RU,0,1619799246,39,50.8448,37.2913,66.2,13.42
Bengkulu,ID,100,1619799248,87,-3.8004,102.2655,77.67,5.48
Moa,CU,13,1619799249,56,20.6569,-74.9403,84.54,13.62
Manggar,ID,100,1619799251,74,-2.8833,108.2667,81.36,0.34
Cherdyn',RU,51,1619799252,57,60.403,56.4787,36.93,3.94
Jalu,LY,0,1619799254,7,29.0331,21.5482,102.58,10.36
Walvis Bay,NA,1,1619799255,84,-22.9575,14.5053,62.01,5.99
Izhma,RU,65,1619799257,60,65.0083,53.9113,38.3,6.15
Lavumisa,SZ,94,1619799258,88,-27.31,31.892,68,4.61
Agadez,NE,0,1619799260,4,19.75,10.25,101.44,10.38
Waimana,NZ,29,1619799261,98,-38.15,177.0833,48.99,1.01
Linares,CL,100,1619799263,61,-35.85,-71.6,64.33,7.4
Makarov,RU,100,1619799265,96,48.6333,142.8,33.75,22.48
Chicama,PE,47,1619799266,82,-7.8447,-79.1469,66.2,8.05
Juneau,US,90,1619799113,81,58.3019,-134.4197,44.6,9.22
Cayenne,GF,75,1619799269,83,4.9333,-52.3333,80.6,5.75
Lagoa,PT,9,1619799271,60,39.05,-27.9833,57.88,4.54
Kitui,KE,94,1619799272,64,-1.367,38.0106,70.95,3.83
Joensuu,FI,75,1619799274,70,62.6012,29.7632,39,9.22
Lompoc,US,90,1619799275,100,34.6391,-120.4579,55.4,4.61
Ceres,US,1,1619799006,37,37.5949,-120.9577,68,10.36
Qaqortoq,GL,20,1619799278,25,60.7167,-46.0333,59,20.71
Inuvik,CA,100,1619799280,86,68.3499,-133.7218,23,5.75
Chokurdakh,RU,35,1619799282,93,70.6333,147.9167,-1.37,4.83
Vao,NC,90,1619799283,61,-22.6667,167.4833,74.3,20.15
Wad Rāwah,SD,94,1619799285,15,15.1603,33.1397,98.69,5.99
Montluçon,FR,100,1619799286,66,46.3333,2.6,55.99,1.01
Yashkul',RU,78,1619799288,55,46.1711,45.3435,61.75,11.32
Hailun,CN,94,1619799290,72,47.45,126.9333,47.07,3.56
Yumen,CN,56,1619799291,9,40.2833,97.2,68.49,9.8
Crotone,IT,0,1619799293,64,39.0851,17.1178,71.6,5.75
Ambilobe,MG,50,1619799294,88,-13.2,49.05,76.48,2.15
Tegul'det,RU,40,1619799296,83,57.3064,88.1667,41.23,7.96
Ostrovnoy,RU,100,1619799297,81,68.0531,39.5131,27.88,15.39
Gubkinskiy,RU,100,1619799299,98,64.434,76.5026,32.43,18.19
Comodoro Rivadavia,AR,0,1619799300,40,-45.8667,-67.5,68,13.8
Boone,US,0,1619799143,41,39.0334,-92.3335,72,6.22
Mandera,KE,77,1619799306,46,3.9366,41.867,89.56,5.28
Dali,CN,81,1619799308,60,25.7,100.1833,61.63,3.06
Kenai,US,90,1619799309,86,60.5544,-151.2583,35.6,6.91
Port Lincoln,AU,100,1619799311,39,-34.7333,135.8667,66.6,8.93
Khovd,MN,100,1619799313,26,48.0056,91.6419,63.23,10.74
Emerald,AU,9,1619799314,94,-23.5333,148.1667,62.6,5.75
Zelenoborsk,RU,100,1619799316,92,61.4669,64.0333,31.82,4.18
Córdoba,AR,0,1619799318,46,-31.4135,-64.1811,75,16.11
Airai,TL,100,1619799319,88,-8.9266,125.4092,58.17,2.48
Cascavel,BR,0,1619799092,49,-24.9558,-53.4553,78.01,20.71
Marsá Maţrūḩ,EG,0,1619799322,39,31.3525,27.2453,80.6,10.36
Palu,ID,97,1619799324,95,-0.8917,119.8707,75.56,2.8
Dubai,AE,0,1619799048,48,25.2582,55.3047,86,9.22
Makakilo City,US,1,1619799326,78,21.3469,-158.0858,73.4,4.61
Diego de Almagro,CL,58,1619799328,29,-26.3667,-70.05,71.44,7.29
Pingliang,CN,0,1619799330,35,35.5392,106.6861,59.38,4.12
Leningradskiy,RU,90,1619799331,93,69.3833,178.4167,12.9,15.39
Panabá,MX,14,1619799333,39,21.2833,-88.2667,91.09,12.46
Sterling,US,20,1619799142,30,39.0062,-77.4286,69.8,24.16
Inongo,CD,97,1619799336,84,-1.95,18.2667,76.19,6.87
Nhulunbuy,AU,65,1619799338,88,-12.2333,136.7667,75.2,5.75
Utiel,ES,66,1619799339,84,39.5667,-1.2,71.01,8.72
Ketchikan,US,90,1619799341,93,55.3422,-131.6461,44.6,8.05
Udachny,RU,100,1619799342,99,66.4167,112.4,28.42,3.09
Luanshya,ZM,99,1619799344,66,-13.1367,28.4166,71.94,4
Mahajanga,MG,20,1619799345,89,-15.7167,46.3167,82.4,4.61
Alofi,NU,100,1619799347,100,-19.0595,-169.9187,71.6,1.14
Samarai,PG,53,1619799348,78,-10.6167,150.6667,79.48,8.16
San Carlos del Zulia,VE,95,1619799350,70,9,-71.9135,83.01,4.63
Montes Claros,BR,40,1619799352,50,-16.735,-43.8617,78.8,12.66
El Alto,PE,0,1619799354,61,-4.2714,-81.2147,82.4,13.8
Beausejour,CA,92,1619799355,29,50.0622,-96.5167,48,6.91
Kamenka,RU,100,1619799357,80,51.3223,42.7678,49.68,13.22
Muli,MV,8,1619799358,68,2.9167,73.5667,84.11,2.48
Davila,PH,40,1619799360,88,18.4726,120.5763,77,1.14
Kununurra,AU,0,1619799268,82,-15.7667,128.7333,66.2,4.99
Aitape,PG,75,1619799363,88,-3.1374,142.3475,78.03,5.41
Turukhansk,RU,100,1619799365,78,65.8167,87.9833,36.88,15.61
Fare,PF,97,1619799366,72,-16.7,-151.0167,80.37,6.44
Grand Falls,CA,90,1619799368,81,47.0461,-67.7418,44.6,6.91
Gwadar,PK,86,1619799369,65,25.1216,62.3254,85.05,21.25
Abay,KZ,0,1619799371,36,49.6311,72.8539,46.4,8.95
Bakchar,RU,9,1619799373,81,57.0186,82.0711,40.01,5.46
Morón,AR,0,1619799342,57,-34.6534,-58.6198,72,5.99
Hanyang,CN,26,1619799376,62,32.1371,105.5126,63.77,3.06
West Melbourne,US,75,1619799337,54,28.0717,-80.6534,84.99,13.8
Rumuruti,KE,91,1619799378,55,0.267,36.5389,68.77,10.11
Vega de Alatorre,MX,94,1619799380,67,20.0333,-96.6333,84.97,9.8
Yangi Marg`ilon,UZ,82,1619799381,27,40.4272,71.7189,75.2,18.41
Bandarbeyla,SO,29,1619799383,73,9.4942,50.8122,84.7,10.11
Buraidah,SA,0,1619799304,18,26.326,43.975,93.2,10.36
Klin,RU,0,1619799386,55,56.3333,36.7333,59,15.66
Twin Falls,US,1,1619799388,30,42.3505,-114.6445,70,4.61
Babu,CN,70,1619799389,62,24.4167,111.5167,70.75,1.25
Envira,BR,69,1619799391,58,-7.3,-70.2167,81.3,4.38
Wenling,CN,45,1619799392,88,28.3669,121.36,63.68,8.97
Evensk,RU,19,1619799394,79,61.95,159.2333,23.45,10.25
Iqaluit,CA,75,1619799395,75,63.7506,-68.5145,35.6,12.66
Hinesburg,US,90,1619799397,71,44.3292,-73.1107,53.6,9.22
Djibouti,DJ,100,1619799398,61,11.5,42.5,78.13,5.66
Ixtapa,MX,40,1619799209,74,20.7,-105.2,80.6,4.61
Cabedelo,BR,75,1619799401,94,-6.9811,-34.8339,82.4,13.8
Lufilufi,WS,20,1619799403,94,-13.8745,-171.5986,75.2,10.78
Sabha,LY,0,1619799405,4,27.0377,14.4283,101.05,16.22
Panguipulli,CL,90,1619799193,82,-39.6333,-72.3333,59,3.44
Inverell,AU,22,1619799408,93,-29.7833,151.1167,57.99,1.01
Chipinge,ZW,65,1619799410,69,-20.1883,32.6236,67.78,1.7
Saquarema,BR,20,1619799254,69,-22.92,-42.5103,77,10.36
Morden,CA,100,1619799316,27,49.1919,-98.1014,48.2,12.66
Boké,GN,96,1619799414,26,10.9409,-14.2967,96.89,2.86
Rome,US,90,1619799123,81,43.2128,-75.4557,46.4,19.57
Sept-Îles,CA,90,1619799336,71,50.2001,-66.3821,46.4,18.41
Souillac,MU,40,1619799418,78,-20.5167,57.5167,78.8,12.66
Maunabo,PR,13,1619799420,77,18.0072,-65.8993,84,10
Ubari,LY,0,1619799421,4,26.5921,12.7805,101.46,16.13
Sabang,ID,100,1619799423,69,5.8933,95.3214,83.43,3
Honiara,SB,80,1619799314,83,-9.4333,159.95,76.17,4.85
Petatlán,MX,1,1619799426,54,17.5167,-101.2667,86,5.46
Fairhope,US,40,1619799427,73,30.523,-87.9033,82,3.44
Coari,BR,72,1619799429,67,-4.085,-63.1414,84.76,3.22
Shahreza,IR,35,1619799192,20,32.0339,51.8794,72.27,4.74
Maltahöhe,NA,0,1619799432,24,-24.8333,16.9833,66.74,10.78
Verkhnevilyuysk,RU,100,1619799434,97,63.4453,120.3167,30.02,4.45
Sorong,ID,96,1619799435,83,-0.8833,131.25,79.12,2.75
Wanaka,NZ,87,1619799437,87,-44.7,169.15,45.82,0.85
São Joaquim,BR,0,1619799438,31,-28.2939,-49.9317,66.11,4.29
Orós,BR,100,1619799440,36,-6.2444,-38.9136,90.82,7
Tual,ID,42,1619799442,75,-5.6667,132.75,82.63,11.48
Stokmarknes,NO,75,1619799443,93,68.5646,14.9108,33.8,1.14
Vallenar,CL,31,1619799445,41,-28.5708,-70.7581,70.48,4.43
Kasempa,ZM,100,1619799447,87,-13.4584,25.8338,66.87,1.9
Anadyr,RU,75,1619799448,86,64.75,177.4833,17.6,8.95
Hualmay,PE,3,1619799450,73,-11.0964,-77.6139,71.2,9.31
Bariloche,AR,40,1619799451,58,-41.1456,-71.3082,60.01,6.91
Esim,GH,76,1619799453,63,4.8699,-2.2405,85.93,10.13
Monchegorsk,RU,72,1619799454,70,67.9397,32.8739,26.11,9.13
Biltine,TD,1,1619799456,6,14.5333,20.9167,102.2,9.69
Mandalgovi,MN,54,1619799457,52,45.7625,106.2708,39.42,5.3
Podgornoye,RU,0,1619799459,24,51.735,39.1496,64.4,8.95
Mount Isa,AU,0,1619799186,37,-20.7333,139.5,69.8,11.1
Ixmiquilpan,MX,38,1619799260,58,20.4833,-99.2333,71.6,3.67
Rulenge,TZ,100,1619799463,92,-2.7175,30.6325,65.39,1.92
Berlevåg,NO,75,1619799465,80,70.8578,29.0864,28.4,24.16
Sri Aman,MY,100,1619799466,100,1.2376,111.4621,75.2,3.44
Hashtgerd,IR,75,1619799468,20,35.9642,50.6858,73.4,2.59
Teahupoo,PF,75,1619799469,88,-17.8333,-149.2667,77,12.66
Cumana,VE,89,1619799471,73,10.4635,-64.1775,79.54,9.08
Biak,ID,71,1619799472,80,-0.9131,122.8766,76.89,1.52
Port Shepstone,ZA,100,1619799437,79,-30.7414,30.455,64.04,20.4
Santa Marinella,IT,80,1619799475,77,42.0345,11.8536,66.99,3
Maku,IR,53,1619799477,43,39.2911,44.4521,65.25,4.27
Andros Town,BS,20,1619799479,54,24.7,-77.7667,84.2,10.36
Bafia,CM,79,1619799480,55,4.75,11.2333,84.6,1.12
San Miguel de Cozumel,MX,40,1619799235,62,20.5083,-86.9458,87.01,12.66
Miraflores,MX,1,1619799483,52,19.2167,-98.8083,69.8,6.91
Brae,GB,75,1619799485,81,60.3964,-1.353,42.8,11.5
Taoudenni,ML,97,1619799486,24,22.6783,-3.9836,93.02,12.86
Mitchell,US,1,1619799488,31,43.7094,-98.0298,60.8,11.5
Tarakan,ID,20,1619799489,83,3.3,117.6333,82.4,3.44
Chapais,CA,1,1619799491,38,49.7834,-74.8492,59,8.05
Balta,UA,81,1619799493,68,47.9355,29.6198,65.59,8.59
Narsaq,GL,20,1619799495,25,60.9167,-46.05,59,20.71
Isangel,VU,76,1619799496,77,-19.55,169.2667,76.57,14.97
Vostok,RU,2,1619799498,82,46.4856,135.8833,33.85,2.44
Yakeshi,CN,93,1619799499,79,49.2833,120.7333,36.03,1.61
Coahuayana Viejo,MX,1,1619799501,83,18.7333,-103.6833,69.8,4.61
Nishihara,JP,75,1619799502,78,26.1842,127.7558,71.6,6.91
Pamanukan,ID,77,1619799504,85,-6.2842,107.8106,78.71,5.17
Kolyvan',RU,0,1619799505,43,55.3053,82.7391,50,6.71
Province of Mantua,IT,97,1619799507,75,45.1667,10.7833,72,7
Kerrobert,CA,75,1619799508,34,51.9168,-109.1348,66.2,16.11
Luau,AO,93,1619799510,83,-10.7073,22.2247,71.37,0.45
Camacha,PT,20,1619799513,52,33.0833,-16.3333,66.2,16.11
Dalbandin,PK,89,1619799515,27,28.8947,64.4101,82.71,18.7
Tahara,JP,40,1619799517,77,34.6667,137.2667,61,9.22
Eyl,SO,76,1619799518,69,7.9803,49.8164,84.79,10.25
Gizo Government Station,SB,44,1619799520,74,-8.103,156.8419,81.28,4.63
Pombas,CV,20,1619799522,57,17.1503,-25.0201,78.8,20.71
Gigante,CO,100,1619799523,97,2.3868,-75.5453,66.51,2.57
Calafell,ES,21,1619799525,79,41.2,1.5683,66,5.99
Port Keats,AU,2,1619799526,79,-14.25,129.55,76.39,2.98
Tsimmerbude,RU,75,1619799528,87,54.675,20.1347,44.6,13.42
Marrakesh,MA,75,1619799301,55,31.6315,-8.0083,62.6,11.5
Hoquiam,US,90,1619799531,94,46.9809,-123.8893,53.6,12.66
Wuda,CN,52,1619799532,24,39.4994,106.7117,58.53,6.38
Kearney,US,1,1619799534,33,40.6995,-99.0815,75.2,14.97
Kapit,MY,100,1619799536,98,2.0167,112.9333,74.19,0.16
Arrondissement de Saint-Gaudens,FR,90,1619799538,93,43.0833,0.6667,54,6.91
Sørland,NO,40,1619799539,60,67.667,12.6934,37.4,16.11
Sakakah,SA,0,1619799541,10,29.9697,40.2064,93.2,4.61
Ozernovskiy,RU,65,1619799543,85,51.5,156.5167,36.23,6.24
Abalak,RU,65,1619799544,44,58.1286,68.5944,41,10.27
Luleå,SE,0,1619799546,35,65.5842,22.1547,37.4,16.11
Broadford,AU,0,1619799547,66,-37.2,145.0667,51.8,11.5
De Aar,ZA,98,1619799549,58,-30.6497,24.0123,55.26,15.75
Troy,US,75,1619799495,57,42.6056,-83.1499,52,19.57
Klaksvík,FO,75,1619799552,60,62.2266,-6.589,39.2,9.22
Buriti dos Lopes,BR,40,1619799553,58,-3.175,-41.8669,91.4,6.91
Wattegama,LK,75,1619799555,100,6.7989,81.4808,78.8,2.3
Brigantine,US,75,1619799556,39,39.4101,-74.3646,68,29.93
Smithers,CA,90,1619799559,76,54.7804,-127.1743,44.6,3.74
Saint-François,FR,75,1619799560,58,46.4154,3.9054,55.4,8.05
Kieta,PG,68,1619799562,81,-6.2167,155.6333,78.22,1.54
Mongu,ZM,96,1619799563,73,-15.2484,23.1274,71.49,8.97
Tambo,PE,6,1619799565,37,-14.8,-73.9167,47.23,3.24
Krasnosel'kup,RU,100,1619799566,98,65.7,82.4667,34.47,14.63
Volodarka,UA,100,1619799568,79,49.5248,29.9122,61.18,6.62
San Cristobal,VE,40,1619799570,58,7.7669,-72.225,84.2,2.3
Tallahassee,US,90,1619799475,73,30.4383,-84.2807,80.01,4.61
Santa Barbara,US,1,1619799509,71,34.7333,-120.0343,73,2.06
Kichera,RU,37,1619799576,74,55.9375,110.0997,30.29,1.7
High Level,CA,75,1619799577,100,58.5169,-117.136,41,3.44
La Baule-Escoublac,FR,0,1619799426,33,47.2922,-2.364,60.8,9.22
Levin,NZ,83,1619799580,70,-40.6333,175.275,54,5.01
Buşayrā,JO,0,1619799582,15,30.7376,35.6078,79.36,10.18
Sheltozero,RU,99,1619799583,63,61.3667,35.3667,37.83,3.74
Jānsath,IN,56,1619799585,24,29.3333,77.85,87.28,8.34
Orlik,RU,100,1619799586,96,52.5178,99.825,36.57,3.06
Río Gallegos,AR,40,1619799588,87,-51.6226,-69.2181,44.6,9.22
Dakar,SN,0,1619799590,73,14.6937,-17.4441,73.4,18.41
